"Sentence ID","Sentence","Sentiment","Sentiment Label","Arousal","Dominance","# Words Found","Found Words","All Words"
1,"""Government Bailouts Leave Taxpayers Burdened with Alimony.""",3.884,"negative",3.648,4.22,"5 out of 6","['government', 'leave', 'taxpayer', 'burden', 'alimony']","['government', 'bailouts', 'leave', 'taxpayer', 'burden', 'alimony']"
2,"""Offshore tax havens under scrutiny by government regulators.""",4.47,"neutral",3.75166666666667,4.40333333333333,"6 out of 6","['offshore', 'tax', 'haven', 'scrutiny', 'government', 'regulator']","['offshore', 'tax', 'haven', 'scrutiny', 'government', 'regulator']"
3,"""Workers suffer from unsafe working conditions and low wages.""",4.25833333333333,"neutral",3.84333333333333,4.62166666666667,"6 out of 7","['worker', 'suffer', 'unsafe', 'condition', 'low', 'wage']","['worker', 'suffer', 'unsafe', 'working', 'condition', 'low', 'wage']"
4,"""The decline of the coal industry leads to job loss and economic decline.""",4.40125,"neutral",3.84625,4.41125,"8 out of 8","['decline', 'coal', 'industry', 'lead', 'job', 'loss', 'economic', 'decline']","['decline', 'coal', 'industry', 'lead', 'job', 'loss', 'economic', 'decline']"
5,"""Government Shutdown Causes Economic Chaos and Public Outcry.""",4.29333333333333,"neutral",3.905,4.34833333333333,"6 out of 7","['government', 'shutdown', 'cause', 'economic', 'chaos', 'public']","['government', 'shutdown', 'cause', 'economic', 'chaos', 'public', 'outcry']"
6,"""Economic Decline Exacerbates Healthcare Disparities.""",4.35,"neutral",3.92666666666667,3.97333333333333,"3 out of 5","['economic', 'decline', 'healthcare']","['economic', 'decline', 'exacerbate', 'healthcare', 'disparity']"
7,"""US inflation hits highest level in over a decade.""",4.3325,"neutral",3.935,4.8875,"4 out of 6","['inflation', 'hit', 'level', 'decade']","['us', 'inflation', 'hit', 'highest', 'level', 'decade']"
8,"""Global Supply Chain Disruptions Hurt Retailers' Bottom Line.""",4.23857142857143,"neutral",3.95142857142857,4.31,"7 out of 8","['global', 'supply', 'chain', 'disruption', 'hurt', 'bottom', 'line']","['global', 'supply', 'chain', 'disruption', 'hurt', 'retailer', 'bottom', 'line']"
9,"""Economy Slows Down as Government Imposes Stricter Regulations on Tech Companies.""",4.40571428571429,"neutral",3.95571428571429,4.69,"7 out of 8","['economy', 'slow', 'government', 'impose', 'regulation', 'tech', 'company']","['economy', 'slow', 'government', 'impose', 'stricter', 'regulation', 'tech', 'company']"
10,"""Consumers Cut Back on Spending Amidst Economic Anxiety.""",4.418,"neutral",3.976,4.516,"5 out of 7","['consumer', 'cut', 'back', 'economic', 'anxiety']","['consumer', 'cut', 'back', 'spending', 'amidst', 'economic', 'anxiety']"
11,"""The budget deficit widens due to callous spending by politicians.""",3.93333333333333,"negative",3.985,4.465,"6 out of 7","['budget', 'deficit', 'widen', 'due', 'callous', 'politician']","['budget', 'deficit', 'widen', 'due', 'callous', 'spending', 'politician']"
12,"""Semiconductor shortage causes supply chain disruption.""",4.398,"neutral",4.002,4.372,"5 out of 6","['shortage', 'cause', 'supply', 'chain', 'disruption']","['semiconductor', 'shortage', 'cause', 'supply', 'chain', 'disruption']"
13,"""Cease and desist order issued to cartel, leading to disruptions in drug supply chain.""",4.458,"neutral",4.022,4.778,"10 out of 10","['cease', 'desist', 'order', 'issue', 'cartel', 'lead', 'disruption', 'drug', 'supply', 'chain']","['cease', 'desist', 'order', 'issue', 'cartel', 'lead', 'disruption', 'drug', 'supply', 'chain']"
14,"""The Cost of Aging: Elderly Care in Crisis Due to Bureaucratic Burden.""",4.13625,"neutral",4.02875,4.05875,"8 out of 8","['cost', 'aging', 'elderly', 'care', 'crisis', 'due', 'bureaucratic', 'burden']","['cost', 'aging', 'elderly', 'care', 'crisis', 'due', 'bureaucratic', 'burden']"
15,"""The government's neglect of mental health services has devastating consequences.""",4.30714285714286,"neutral",4.05571428571429,4.60571428571429,"7 out of 7","['government', 'neglect', 'mental', 'health', 'service', 'devastating', 'consequence']","['government', 'neglect', 'mental', 'health', 'service', 'devastating', 'consequence']"
16,"""Lack of government intervention leads to the exploitation of migrant workers.""",4.33333333333333,"neutral",4.06333333333333,4.94166666666667,"6 out of 7","['lack', 'government', 'intervention', 'lead', 'exploitation', 'worker']","['lack', 'government', 'intervention', 'lead', 'exploitation', 'migrant', 'worker']"
17,"""Disabled Workers Face Workplace Discrimination and Depressive Symptoms.""",4.11571428571429,"neutral",4.09571428571429,5.07714285714286,"7 out of 7","['disabled', 'worker', 'face', 'workplace', 'discrimination', 'depressive', 'symptom']","['disabled', 'worker', 'face', 'workplace', 'discrimination', 'depressive', 'symptom']"
18,"""Fiscal deficit widens as government fails to curb spending on bailouts and subsidies.""",3.81,"negative",4.09,4.72666666666667,"6 out of 9","['fiscal', 'deficit', 'widen', 'government', 'fail', 'curb']","['fiscal', 'deficit', 'widen', 'government', 'fail', 'curb', 'spending', 'bailouts', 'subsidy']"
19,"""Disability discrimination in the workplace perpetuates economic disadvantage.""",3.712,"negative",4.108,4.532,"5 out of 6","['disability', 'discrimination', 'workplace', 'economic', 'disadvantage']","['disability', 'discrimination', 'workplace', 'perpetuate', 'economic', 'disadvantage']"
20,"""Corporate lobbyists accused of influencing government policy for personal gain.""",4.49625,"neutral",4.13,5.0275,"8 out of 8","['corporate', 'lobbyist', 'accuse', 'influence', 'government', 'policy', 'personal', 'gain']","['corporate', 'lobbyist', 'accuse', 'influence', 'government', 'policy', 'personal', 'gain']"
21,"""Inflation fears grow as supply chain disruptions continue.""",4.42142857142857,"neutral",4.13571428571429,4.61857142857143,"7 out of 7","['inflation', 'fear', 'grow', 'supply', 'chain', 'disruption', 'continue']","['inflation', 'fear', 'grow', 'supply', 'chain', 'disruption', 'continue']"
22,"""Cystic Fibrosis Patients Struggle with Financial Burden of Treatment.""",4.17285714285714,"neutral",4.18571428571429,4.30285714285714,"7 out of 7","['cystic', 'fibrosis', 'patient', 'struggle', 'financial', 'burden', 'treatment']","['cystic', 'fibrosis', 'patient', 'struggle', 'financial', 'burden', 'treatment']"
23,"""Mould and Poor Housing Conditions Harm Economic Productivity.""",4.42428571428571,"neutral",4.21714285714286,5.23857142857143,"7 out of 7","['mould', 'poor', 'housing', 'condition', 'harm', 'economic', 'productivity']","['mould', 'poor', 'housing', 'condition', 'harm', 'economic', 'productivity']"
24,"""Government Shutdown Sparks Nationwide Protests and Unrest.""",4.275,"neutral",4.21833333333333,4.54666666666667,"6 out of 6","['government', 'shutdown', 'spark', 'nationwide', 'protest', 'unrest']","['government', 'shutdown', 'spark', 'nationwide', 'protest', 'unrest']"
25,"""Housing crisis worsens as landlords exploit tenants with high rent and poor living conditions.""",4.19888888888889,"neutral",4.21888888888889,5.11888888888889,"9 out of 11","['housing', 'crisis', 'landlord', 'exploit', 'tenant', 'high', 'rent', 'poor', 'condition']","['housing', 'crisis', 'worsen', 'landlord', 'exploit', 'tenant', 'high', 'rent', 'poor', 'living', 'condition']"
26,"""Allegations of embezzlement surface in political campaign.""",4.146,"neutral",4.222,4.504,"5 out of 5","['allegation', 'embezzlement', 'surface', 'political', 'campaign']","['allegation', 'embezzlement', 'surface', 'political', 'campaign']"
27,"""Global supply chain crisis deepens, hurting businesses and consumers.""",4.48571428571429,"neutral",4.22428571428571,4.61,"7 out of 8","['global', 'supply', 'chain', 'crisis', 'hurt', 'business', 'consumer']","['global', 'supply', 'chain', 'crisis', 'deepen', 'hurt', 'business', 'consumer']"
28,"""Government corruption leads to bankruptcy of major company.""",4.33666666666667,"neutral",4.24666666666667,4.25833333333333,"6 out of 6","['government', 'corruption', 'lead', 'bankruptcy', 'major', 'company']","['government', 'corruption', 'lead', 'bankruptcy', 'major', 'company']"
29,"""Derogatory Rhetoric from Elected Officials Harms Economic Relations.""",4.48857142857143,"neutral",4.25285714285714,4.73571428571429,"7 out of 7","['derogatory', 'rhetoric', 'elect', 'official', 'harm', 'economic', 'relation']","['derogatory', 'rhetoric', 'elect', 'official', 'harm', 'economic', 'relation']"
30,"""Government Shutdown Threatens to Stifle Economic Growth.""",4.21,"neutral",4.258,4.4,"5 out of 6","['government', 'shutdown', 'threaten', 'economic', 'growth']","['government', 'shutdown', 'threaten', 'stifle', 'economic', 'growth']"
31,"""Economic fallout from natural disaster forces government to revise budget.""",4.23,"neutral",4.2675,4.24625,"8 out of 8","['economic', 'fallout', 'natural', 'disaster', 'force', 'government', 'revise', 'budget']","['economic', 'fallout', 'natural', 'disaster', 'force', 'government', 'revise', 'budget']"
32,"""Poor infrastructure and inadequate drainage systems cause floods and property damage.""",4.18333333333333,"neutral",4.27,4.64555555555556,"9 out of 9","['poor', 'infrastructure', 'inadequate', 'drainage', 'system', 'cause', 'flood', 'property', 'damage']","['poor', 'infrastructure', 'inadequate', 'drainage', 'system', 'cause', 'flood', 'property', 'damage']"
33,"""Labor shortage threatens to slow economic recovery.""",4.41666666666667,"neutral",4.27166666666667,4.67,"6 out of 6","['labor', 'shortage', 'threaten', 'slow', 'economic', 'recovery']","['labor', 'shortage', 'threaten', 'slow', 'economic', 'recovery']"
34,"""Economic Sanctions Impose Heavy Burden on Impoverished Nations.""",4.23571428571429,"neutral",4.27714285714286,4.21714285714286,"7 out of 7","['economic', 'sanction', 'impose', 'heavy', 'burden', 'impoverished', 'nation']","['economic', 'sanction', 'impose', 'heavy', 'burden', 'impoverished', 'nation']"
35,"""Economic growth slows down due to government regulation and rising debt.""",4.45625,"neutral",4.28375,4.6975,"8 out of 8","['economic', 'growth', 'slow', 'due', 'government', 'regulation', 'rise', 'debt']","['economic', 'growth', 'slow', 'due', 'government', 'regulation', 'rise', 'debt']"
36,"""High levels of poverty lead to an increase in crime in impoverished neighborhoods.""",4.4275,"neutral",4.36625,4.925,"8 out of 8","['high', 'level', 'poverty', 'lead', 'increase', 'crime', 'impoverished', 'neighborhood']","['high', 'level', 'poverty', 'lead', 'increase', 'crime', 'impoverished', 'neighborhood']"
37,"""Depression and Debt: Bailout Packages Fail to Address Root Causes of Economic Decline.""",4.08444444444444,"neutral",4.30333333333333,4.55333333333333,"9 out of 10","['depression', 'debt', 'package', 'fail', 'address', 'root', 'cause', 'economic', 'decline']","['depression', 'debt', 'bailout', 'package', 'fail', 'address', 'root', 'cause', 'economic', 'decline']"
38,"""Economy slows down amid power shortage and supply chain disruptions.""",4.35142857142857,"neutral",4.30714285714286,4.63,"7 out of 8","['economy', 'slow', 'power', 'shortage', 'supply', 'chain', 'disruption']","['economy', 'slow', 'amid', 'power', 'shortage', 'supply', 'chain', 'disruption']"
39,"""Corporate Tax Evasion Exposes Flaws in Global Economic Systems.""",4.45875,"neutral",4.3075,4.55375,"8 out of 8","['corporate', 'tax', 'evasion', 'expose', 'flaw', 'global', 'economic', 'system']","['corporate', 'tax', 'evasion', 'expose', 'flaw', 'global', 'economic', 'system']"
40,"""The government's failure to address climate change threatens the economy and environment.""",4.48375,"neutral",4.3275,4.365,"8 out of 8","['government', 'failure', 'address', 'climate', 'change', 'threaten', 'economy', 'environment']","['government', 'failure', 'address', 'climate', 'change', 'threaten', 'economy', 'environment']"
41,"""Economic Recovery Hindered by Political Turmoil and Corruption.""",4.405,"neutral",4.32833333333333,4.50166666666667,"6 out of 6","['economic', 'recovery', 'hinder', 'political', 'turmoil', 'corruption']","['economic', 'recovery', 'hinder', 'political', 'turmoil', 'corruption']"
42,"""Gross Domestic Product (GDP) Plummets Amidst Trade Uncertainty.""",4.485,"neutral",4.335,5.075,"6 out of 8","['gross', 'domestic', 'product', 'plummet', 'trade', 'uncertainty']","['gross', 'domestic', 'product', 'gdp', 'plummet', 'amidst', 'trade', 'uncertainty']"
43,"""Companies accused of price gouging during times of crisis.""",4.182,"neutral",4.342,4.348,"5 out of 6","['company', 'accuse', 'price', 'time', 'crisis']","['company', 'accuse', 'price', 'gouging', 'time', 'crisis']"
44,"""Bankruptcy filing leaves creditors and customers in limbo.""",4.3975,"neutral",4.3425,4.7475,"4 out of 6","['bankruptcy', 'leave', 'customer', 'limbo']","['bankruptcy', 'filing', 'leave', 'creditor', 'customer', 'limbo']"
45,"""Federal Reserve criticized for failing to address income inequality.""",4.385,"neutral",4.375,4.835,"6 out of 7","['federal', 'reserve', 'criticize', 'fail', 'address', 'income']","['federal', 'reserve', 'criticize', 'fail', 'address', 'income', 'inequality']"
46,"""Rising unemployment due to government bureaucracy and economic downturn.""",4.185,"neutral",4.39666666666667,4.12,"6 out of 7","['rise', 'unemployment', 'due', 'government', 'bureaucracy', 'economic']","['rise', 'unemployment', 'due', 'government', 'bureaucracy', 'economic', 'downturn']"
47,"""Corruption allegations implicate high-ranking government officials.""",4.49428571428571,"neutral",4.40857142857143,4.64285714285714,"7 out of 7","['corruption', 'allegation', 'implicate', 'high', 'ranking', 'government', 'official']","['corruption', 'allegation', 'implicate', 'high', 'ranking', 'government', 'official']"
48,"""Inflation and Allergies Drive Up Healthcare Costs.""",4.236,"neutral",4.41,4.168,"5 out of 5","['inflation', 'allergy', 'drive', 'healthcare', 'cost']","['inflation', 'allergy', 'drive', 'healthcare', 'cost']"
49,"""Small business owners struggle to stay afloat amidst crippling debt and economic recession.""",4.477,"neutral",4.415,4.447,"10 out of 11","['small', 'business', 'owner', 'struggle', 'stay', 'afloat', 'crippling', 'debt', 'economic', 'recession']","['small', 'business', 'owner', 'struggle', 'stay', 'afloat', 'amidst', 'crippling', 'debt', 'economic', 'recession']"
50,"""Economic Misery Fuels Surge in Opioid Addiction.""",3.984,"negative",4.42,4.796,"5 out of 6","['economic', 'misery', 'fuel', 'surge', 'addiction']","['economic', 'misery', 'fuel', 'surge', 'opioid', 'addiction']"
51,"""Federal Reserve weighs options to combat inflation.""",4.29166666666667,"neutral",4.42166666666667,4.61333333333333,"6 out of 6","['federal', 'reserve', 'weigh', 'option', 'combat', 'inflation']","['federal', 'reserve', 'weigh', 'option', 'combat', 'inflation']"
52,"""The Cost of Healthcare: A Burden on Individuals and the Economy.""",4.346,"neutral",4.442,4.366,"5 out of 5","['cost', 'healthcare', 'burden', 'individual', 'economy']","['cost', 'healthcare', 'burden', 'individual', 'economy']"
53,"""Tariffs and Trade Wars Escalate Aggression Amongst Nations.""",4.274,"neutral",5.488,4.832,"5 out of 7","['trade', 'war', 'escalate', 'aggression', 'nation']","['tariff', 'trade', 'war', 'escalate', 'aggression', 'amongst', 'nation']"
54,"""Economic Collapse Worsens Climate Crisis and Environmental Disaster.""",3.92166666666667,"negative",5.4,4.06166666666667,"6 out of 7","['economic', 'collapse', 'climate', 'crisis', 'environmental', 'disaster']","['economic', 'collapse', 'worsen', 'climate', 'crisis', 'environmental', 'disaster']"
55,"""Escalating Trade War Sparks Fear of Global Recession.""",4.20285714285714,"neutral",5.33428571428571,4.39428571428571,"7 out of 7","['escalate', 'trade', 'war', 'spark', 'fear', 'global', 'recession']","['escalate', 'trade', 'war', 'spark', 'fear', 'global', 'recession']"
56,"""Catastrophic Cyber Attack Wreaks Havoc on Financial System.""",3.65,"negative",5.33166666666667,4.10666666666667,"6 out of 7","['catastrophic', 'attack', 'wreak', 'havoc', 'financial', 'system']","['catastrophic', 'cyber', 'attack', 'wreak', 'havoc', 'financial', 'system']"
57,"""Cyber attack on financial institutions sparks fears of identity theft.""",4.06,"neutral",5.31857142857143,4.48714285714286,"7 out of 8","['attack', 'financial', 'institution', 'spark', 'fear', 'identity', 'theft']","['cyber', 'attack', 'financial', 'institution', 'spark', 'fear', 'identity', 'theft']"
58,"""Escalating Trade War Triggers Wave of Corporate Bankruptcies.""",4.39714285714286,"neutral",5.30571428571429,4.84,"7 out of 7","['escalate', 'trade', 'war', 'trigger', 'wave', 'corporate', 'bankruptcy']","['escalate', 'trade', 'war', 'trigger', 'wave', 'corporate', 'bankruptcy']"
59,"""Financial Disaster Pushes Millions into Extreme Poverty and Hunger.""",4.35714285714286,"neutral",5.28,4.27,"7 out of 7","['financial', 'disaster', 'push', 'million', 'extreme', 'poverty', 'hunger']","['financial', 'disaster', 'push', 'million', 'extreme', 'poverty', 'hunger']"
60,"""Failing Banks Trigger Financial Panic and Social Unrest.""",4.20714285714286,"neutral",5.22285714285714,4.42428571428571,"7 out of 7","['fail', 'bank', 'trigger', 'financial', 'panic', 'social', 'unrest']","['fail', 'bank', 'trigger', 'financial', 'panic', 'social', 'unrest']"
61,"""Financial Scandal Triggers Widespread Outrage and Protest.""",4.33,"neutral",5.13166666666667,4.585,"6 out of 6","['financial', 'scandal', 'trigger', 'widespread', 'outrage', 'protest']","['financial', 'scandal', 'trigger', 'widespread', 'outrage', 'protest']"
62,"""Economic Recession Sparks Surge in Bankruptcies and Foreclosures.""",3.85,"negative",5.11,4.07,"6 out of 6","['economic', 'recession', 'spark', 'surge', 'bankruptcy', 'foreclosure']","['economic', 'recession', 'spark', 'surge', 'bankruptcy', 'foreclosure']"
63,"""Government corruption scandal exposes crony capitalism.""",3.634,"negative",5.106,4.106,"5 out of 6","['government', 'corruption', 'scandal', 'expose', 'capitalism']","['government', 'corruption', 'scandal', 'expose', 'crony', 'capitalism']"
64,"""Multinational corporation accused of sweatshop labor.""",3.814,"negative",5.034,4.52,"5 out of 5","['multinational', 'corporation', 'accuse', 'sweatshop', 'labor']","['multinational', 'corporation', 'accuse', 'sweatshop', 'labor']"
65,"""Disasters like hurricanes and wildfires cause financial losses and property abuse.""",3.95333333333333,"negative",5.17666666666667,4.39222222222222,"9 out of 9","['disaster', 'like', 'hurricane', 'wildfire', 'cause', 'financial', 'loss', 'property', 'abuse']","['disaster', 'like', 'hurricane', 'wildfire', 'cause', 'financial', 'loss', 'property', 'abuse']"
66,"""The opioid epidemic has dangerous social and financial consequences.""",3.864,"negative",5.402,3.96,"5 out of 6","['epidemic', 'dangerous', 'social', 'financial', 'consequence']","['opioid', 'epidemic', 'dangerous', 'social', 'financial', 'consequence']"
67,"""Trade dispute threatens to escalate into a dangerous financial war.""",3.52,"negative",5.56142857142857,4.22571428571429,"7 out of 7","['trade', 'dispute', 'threaten', 'escalate', 'dangerous', 'financial', 'war']","['trade', 'dispute', 'threaten', 'escalate', 'dangerous', 'financial', 'war']"
68,"""Financial Despair Triggers Rise in Terrorism and Crime.""",3.79,"negative",5.57333333333333,4.55,"6 out of 6","['financial', 'despair', 'trigger', 'rise', 'terrorism', 'crime']","['financial', 'despair', 'trigger', 'rise', 'terrorism', 'crime']"
69,"""Corporate greed leads to environmental devastation and destruction.""",3.98,"negative",5.04833333333333,4.47,"6 out of 6","['corporate', 'greed', 'lead', 'environmental', 'devastation', 'destruction']","['corporate', 'greed', 'lead', 'environmental', 'devastation', 'destruction']"
70,"""The rise of technological improvements leads to fears of unemployment.""",4.72833333333333,"neutral",5.08166666666667,5.25,"6 out of 6","['rise', 'technological', 'improvement', 'lead', 'fear', 'unemployment']","['rise', 'technological', 'improvement', 'lead', 'fear', 'unemployment']"
71,"""Toxic Pollution crisis hits food industry, prices increase.""",4.2225,"neutral",4.95625,4.83,"8 out of 8","['toxic', 'pollution', 'crisis', 'hit', 'food', 'industry', 'price', 'increase']","['toxic', 'pollution', 'crisis', 'hit', 'food', 'industry', 'price', 'increase']"
72,"""Financial bailout fails to save declining industry from inevitable destructive collapse.""",4.17875,"neutral",4.91375,4.5,"8 out of 9","['financial', 'fail', 'save', 'decline', 'industry', 'inevitable', 'destructive', 'collapse']","['financial', 'bailout', 'fail', 'save', 'decline', 'industry', 'inevitable', 'destructive', 'collapse']"
73,"""Food Insecurity Worsens as Financial Crisis Aggravates.""",3.872,"negative",5.248,4.616,"5 out of 6","['food', 'insecurity', 'financial', 'crisis', 'aggravate']","['food', 'insecurity', 'worsen', 'financial', 'crisis', 'aggravate']"
74,"""Stocks plummet amid fear of impending recession with alarming prices.""",3.92,"negative",4.88,3.81833333333333,"6 out of 8","['stock', 'plummet', 'fear', 'recession', 'alarming', 'price']","['stock', 'plummet', 'amid', 'fear', 'impend', 'recession', 'alarming', 'price']"
75,"""Neglected Infrastructure Fails to Attract Foreign Money Investment.""",4.73,"neutral",5.25,5.09428571428571,"7 out of 7","['neglect', 'infrastructure', 'fail', 'attract', 'foreign', 'money', 'investment']","['neglect', 'infrastructure', 'fail', 'attract', 'foreign', 'money', 'investment']"
76,"""Extensive Bank Failures Triggers a Dangerous Financial Chaos.""",4.06,"neutral",5.35142857142857,4.49857142857143,"7 out of 7","['extensive', 'bank', 'failure', 'trigger', 'dangerous', 'financial', 'chaos']","['extensive', 'bank', 'failure', 'trigger', 'dangerous', 'financial', 'chaos']"
77,"""Inflation spikes following tornados in Mid-West, aggravates poverty.""",3.35666666666667,"negative",5.37666666666667,4.185,"6 out of 6","['inflation', 'spike', 'follow', 'tornado', 'aggravate', 'poverty']","['inflation', 'spike', 'follow', 'tornado', 'aggravate', 'poverty']"
78,"""Extreme unemployment rates linger to plague economy.""",4.02166666666667,"neutral",5.33,4.39,"6 out of 6","['extreme', 'unemployment', 'rate', 'linger', 'plague', 'economy']","['extreme', 'unemployment', 'rate', 'linger', 'plague', 'economy']"
79,"""Tech Industries Accused of Abuse and Hostility: Justice wanted.""",4.4,"neutral",5.33,4.78571428571429,"7 out of 7","['tech', 'industry', 'accuse', 'abuse', 'hostility', 'justice', 'want']","['tech', 'industry', 'accuse', 'abuse', 'hostility', 'justice', 'want']"
80,"""Financial Collapse Spurs Rise in Homelessness Crisis and Crime.""",3.85,"negative",5.40666666666667,4.71666666666667,"6 out of 7","['financial', 'collapse', 'spur', 'rise', 'crisis', 'crime']","['financial', 'collapse', 'spur', 'rise', 'homelessness', 'crisis', 'crime']"
81,"""Market Plummets Amidst Fears of Approaching Catastrophe.""",4.248,"neutral",4.97,4.186,"5 out of 6","['market', 'plummet', 'fear', 'approach', 'catastrophe']","['market', 'plummet', 'amidst', 'fear', 'approach', 'catastrophe']"
82,"""Market in chaos following corporate scandal allegations.""",4.27666666666667,"neutral",4.98333333333333,4.46333333333333,"6 out of 6","['market', 'chaos', 'follow', 'corporate', 'scandal', 'allegation']","['market', 'chaos', 'follow', 'corporate', 'scandal', 'allegation']"
83,"""Unemployment spikes after bankruptcies: Financial Collapse.""",3.488,"negative",5.404,4.048,"5 out of 5","['unemployment', 'spike', 'bankruptcy', 'financial', 'collapse']","['unemployment', 'spike', 'bankruptcy', 'financial', 'collapse']"
84,"""Cybersecurity Threats Dominate Financial Industry.""",4.275,"neutral",5.4425,4.6525,"4 out of 5","['threat', 'dominate', 'financial', 'industry']","['cybersecurity', 'threat', 'dominate', 'financial', 'industry']"
85,"""Market Crash Triggers Panic and Depression: Crime spikes.""",3.59142857142857,"negative",5.22571428571429,4.15,"7 out of 7","['market', 'crash', 'trigger', 'panic', 'depression', 'crime', 'spike']","['market', 'crash', 'trigger', 'panic', 'depression', 'crime', 'spike']"
86,"""US faces criticism over its emergency response to the refugee crisis.""",4.26666666666667,"neutral",5.185,4.42166666666667,"6 out of 7","['face', 'criticism', 'emergency', 'response', 'refugee', 'crisis']","['us', 'face', 'criticism', 'emergency', 'response', 'refugee', 'crisis']"
87,"""The Rent Crisis: Skyrocketing Rents Leave Many Homeless and in Agonizing Hunger.""",3.37714285714286,"negative",5.02285714285714,4.51428571428571,"7 out of 9","['rent', 'crisis', 'rent', 'leave', 'homeless', 'agonizing', 'hunger']","['rent', 'crisis', 'skyrocket', 'rent', 'leave', 'many', 'homeless', 'agonizing', 'hunger']"
88,"""Financial Misery Spurs Increase in Violent Crime and Assaults.""",3.48,"negative",5.38428571428571,4.38,"7 out of 7","['financial', 'misery', 'spur', 'increase', 'violent', 'crime', 'assault']","['financial', 'misery', 'spur', 'increase', 'violent', 'crime', 'assault']"
89,"""Inflation Crisis Aggrevates leading to Overprice Food and infuriating desperation.""",3.87,"negative",5.27166666666667,4.59166666666667,"6 out of 8","['inflation', 'crisis', 'lead', 'food', 'infuriating', 'desperation']","['inflation', 'crisis', 'aggrevates', 'lead', 'overprice', 'food', 'infuriating', 'desperation']"
90,"""Severe measures deployed for national debt crisis.""",3.70333333333333,"negative",5.07,4.745,"6 out of 6","['severe', 'measure', 'deploy', 'national', 'debt', 'crisis']","['severe', 'measure', 'deploy', 'national', 'debt', 'crisis']"
91,"""Corporations accused of exploitation abroad: Humanity Crisis.""",3.644,"negative",5.358,4.638,"5 out of 6","['corporation', 'accuse', 'exploitation', 'humanity', 'crisis']","['corporation', 'accuse', 'exploitation', 'abroad', 'humanity', 'crisis']"
92,"""Financial Depression Sparks a Surge in Suicides and Psychological Crises.""",3.84142857142857,"negative",5.44428571428571,4.61142857142857,"7 out of 7","['financial', 'depression', 'spark', 'surge', 'suicide', 'psychological', 'crisis']","['financial', 'depression', 'spark', 'surge', 'suicide', 'psychological', 'crisis']"
93,"""Industy devastated by financial disasters, resulting in layoffs and exploitation.""",3.9275,"negative",5.285,4.73,"4 out of 7","['financial', 'disaster', 'result', 'exploitation']","['industy', 'devastate', 'financial', 'disaster', 'result', 'layoff', 'exploitation']"
94,"""Conflict and Agonizing Political Instability Hurt Developing Economies.""",3.56714285714286,"negative",5.07857142857143,4.3,"7 out of 7","['conflict', 'agonizing', 'political', 'instability', 'hurt', 'develop', 'economy']","['conflict', 'agonizing', 'political', 'instability', 'hurt', 'develop', 'economy']"
95,"""Trade War Sparks Financial Apocalypse as Many Go Bankrupt.""",4.42285714285714,"neutral",5.21285714285714,4.37714285714286,"7 out of 8","['trade', 'war', 'spark', 'financial', 'apocalypse', 'go', 'bankrupt']","['trade', 'war', 'spark', 'financial', 'apocalypse', 'many', 'go', 'bankrupt']"
96,"""Political Turmoil and Financial Collapse Lead to Horrible Crisis.""",3.75857142857143,"negative",5.26,4.40428571428572,"7 out of 7","['political', 'turmoil', 'financial', 'collapse', 'lead', 'horrible', 'crisis']","['political', 'turmoil', 'financial', 'collapse', 'lead', 'horrible', 'crisis']"
97,"""E-commerce giant accused of labor abuse: Where is Justice?""",4.232,"neutral",5.452,5.06,"5 out of 5","['giant', 'accuse', 'labor', 'abuse', 'justice']","['giant', 'accuse', 'labor', 'abuse', 'justice']"
98,"""Environmental improvements criticized for harming financial growth.""",4.55833333333333,"neutral",5.27833333333333,5.29833333333333,"6 out of 6","['environmental', 'improvement', 'criticize', 'harm', 'financial', 'growth']","['environmental', 'improvement', 'criticize', 'harm', 'financial', 'growth']"
99,"""Recession provokes a spike in depression and suicide rates.""",3.31833333333333,"negative",5.39166666666667,4.365,"6 out of 6","['recession', 'provoke', 'spike', 'depression', 'suicide', 'rate']","['recession', 'provoke', 'spike', 'depression', 'suicide', 'rate']"
100,"""Opioid epidemic and addiction crisis is fatal for the economy.""",2.652,"negative",5.812,3.578,"5 out of 6","['epidemic', 'addiction', 'crisis', 'fatal', 'economy']","['opioid', 'epidemic', 'addiction', 'crisis', 'fatal', 'economy']"
101,"""CEO faces allegations of fraud and bribery, causing a panicky outrage.""",3.88714285714286,"negative",5.38857142857143,4.52,"7 out of 8","['face', 'allegation', 'fraud', 'bribery', 'cause', 'panicky', 'outrage']","['ceo', 'face', 'allegation', 'fraud', 'bribery', 'cause', 'panicky', 'outrage']"
102,"""Alarming Heat Waves Threatens to Disrupt US Economy.""",4.055,"neutral",5.44666666666667,4.58166666666667,"6 out of 7","['alarming', 'heat', 'wave', 'threaten', 'disrupt', 'economy']","['alarming', 'heat', 'wave', 'threaten', 'disrupt', 'us', 'economy']"
103,"""Capitalism Under Fire as Allegations of Bribery Spike.""",3.804,"negative",5.548,4.752,"5 out of 5","['capitalism', 'fire', 'allegation', 'bribery', 'spike']","['capitalism', 'fire', 'allegation', 'bribery', 'spike']"
104,"""Financial Depression Triggers Wave of Foreclosures: It is alarming.""",3.98,"negative",5.365,4.33833333333333,"6 out of 6","['financial', 'depression', 'trigger', 'wave', 'foreclosure', 'alarming']","['financial', 'depression', 'trigger', 'wave', 'foreclosure', 'alarming']"
105,"""Housing market shows signs of cooling as prices stabilize.""",5.83714285714286,"neutral",3.46714285714286,5.68142857142857,"7 out of 7","['housing', 'market', 'show', 'sign', 'cool', 'price', 'stabilize']","['housing', 'market', 'show', 'sign', 'cool', 'price', 'stabilize']"
106,"""Online advertising market continues to grow as more businesses shift to digital channels.""",5.61,"neutral",3.35875,5.56375,"8 out of 9","['advertising', 'market', 'continue', 'grow', 'business', 'shift', 'digital', 'channel']","['online', 'advertising', 'market', 'continue', 'grow', 'business', 'shift', 'digital', 'channel']"
107,"""Autumn brings high tourism numbers to countryside.""",6.075,"positive",3.64333333333333,5.705,"6 out of 6","['autumn', 'bring', 'high', 'tourism', 'number', 'countryside']","['autumn', 'bring', 'high', 'tourism', 'number', 'countryside']"
108,"""Continuous Support for Small Businesses Contributes to Economic Equality.""",5.92285714285714,"neutral",3.62714285714286,5.56142857142857,"7 out of 7","['continuous', 'support', 'small', 'business', 'contribute', 'economic', 'equality']","['continuous', 'support', 'small', 'business', 'contribute', 'economic', 'equality']"
109,"""Housing market remains strong as mortgage rates remain low.""",5.46875,"neutral",3.57875,5.43,"8 out of 8","['housing', 'market', 'remain', 'strong', 'mortgage', 'rate', 'remain', 'low']","['housing', 'market', 'remain', 'strong', 'mortgage', 'rate', 'remain', 'low']"
110,"""E-commerce continues to reshape retail industry in a good way.""",5.896,"neutral",3.466,5.636,"5 out of 6","['continue', 'retail', 'industry', 'good', 'way']","['continue', 'reshape', 'retail', 'industry', 'good', 'way']"
111,"""Housing market experiences rise as prices start to slowdown.""",6.005,"positive",3.91666666666667,6.01666666666667,"6 out of 7","['housing', 'market', 'experience', 'rise', 'price', 'start']","['housing', 'market', 'experience', 'rise', 'price', 'start', 'slowdown']"
112,"""The Affordable Housing Market: A Successw for the Younger Generation.""",6.415,"positive",3.6575,5.82,"4 out of 6","['affordable', 'housing', 'market', 'generation']","['affordable', 'housing', 'market', 'successw', 'younger', 'generation']"
113,"""Natural Resource Increase Leads to Economic Stability.""",5.79833333333333,"neutral",3.775,5.51666666666667,"6 out of 6","['natural', 'resource', 'increase', 'lead', 'economic', 'stability']","['natural', 'resource', 'increase', 'lead', 'economic', 'stability']"
114,"""Online shopping continues to grow, transforming retail industry.""",5.602,"neutral",3.646,5.714,"5 out of 7","['continue', 'grow', 'transform', 'retail', 'industry']","['online', 'shopping', 'continue', 'grow', 'transform', 'retail', 'industry']"
115,"""Manufacturing sector expands at fastest pace in a decade.""",4.954,"neutral",3.664,5.392,"5 out of 6","['manufacture', 'sector', 'expand', 'pace', 'decade']","['manufacture', 'sector', 'expand', 'fastest', 'pace', 'decade']"
116,"""Abundancy of affordable housing leads to decrease in homelessness and poverty.""",5.018,"neutral",3.828,4.868,"5 out of 7","['affordable', 'housing', 'lead', 'decrease', 'poverty']","['abundancy', 'affordable', 'housing', 'lead', 'decrease', 'homelessness', 'poverty']"
117,"""Cryptocurrency adoption grows as mainstream investors enter the market.""",5.87166666666667,"neutral",3.67333333333333,5.82,"6 out of 7","['adoption', 'grow', 'mainstream', 'investor', 'enter', 'market']","['cryptocurrency', 'adoption', 'grow', 'mainstream', 'investor', 'enter', 'market']"
118,"""New Industrial Environments Bring Sustainable Workplace Safety Regulations.""",5.91142857142857,"neutral",4.05,5.27285714285714,"7 out of 8","['new', 'industrial', 'environment', 'bring', 'workplace', 'safety', 'regulation']","['new', 'industrial', 'environment', 'bring', 'sustainable', 'workplace', 'safety', 'regulation']"
119,"""Business leaders call for end to discriminatory hiring practices.""",5.67,"neutral",3.682,5.556,"5 out of 7","['business', 'leader', 'call', 'end', 'practice']","['business', 'leader', 'call', 'end', 'discriminatory', 'hiring', 'practice']"
120,"""Census data shows population growth in suburban areas: Good for economy!""",5.57125,"neutral",3.89125,5.2925,"8 out of 9","['census', 'show', 'population', 'growth', 'suburban', 'area', 'good', 'economy']","['census', 'data', 'show', 'population', 'growth', 'suburban', 'area', 'good', 'economy']"
121,"""Minimum wage hike met with both support and opposition.""",5.61166666666667,"neutral",3.71333333333333,5.23166666666667,"6 out of 6","['minimum', 'wage', 'hike', 'meet', 'support', 'opposition']","['minimum', 'wage', 'hike', 'meet', 'support', 'opposition']"
122,"""Consumer Confidence in the Housing Market Continues to Rise.""",6.01,"positive",3.72333333333333,6.155,"6 out of 6","['consumer', 'confidence', 'housing', 'market', 'continue', 'rise']","['consumer', 'confidence', 'housing', 'market', 'continue', 'rise']"
123,"""The growing trend of telecommuting leads to changes in the real estate market.""",5.88714285714286,"neutral",3.72857142857143,5.48714285714286,"7 out of 8","['grow', 'trend', 'lead', 'change', 'real', 'estate', 'market']","['grow', 'trend', 'telecommuting', 'lead', 'change', 'real', 'estate', 'market']"
124,"""Small business confidence at all-time high: What does it mean for consumers?""",5.38571428571429,"neutral",3.90285714285714,5.12571428571429,"7 out of 7","['small', 'business', 'confidence', 'time', 'high', 'mean', 'consumer']","['small', 'business', 'confidence', 'time', 'high', 'mean', 'consumer']"
125,"""Housing Market Cools as Home Sales Slow Down.""",6.09833333333333,"positive",3.73833333333333,6.10833333333333,"6 out of 6","['housing', 'market', 'cool', 'home', 'sale', 'slow']","['housing', 'market', 'cool', 'home', 'sale', 'slow']"
126,"""Real Estate Investors Turn to Second-Tier Cities for Higher Returns.""",5.7325,"neutral",3.74375,5.56625,"8 out of 9","['real', 'estate', 'investor', 'turn', 'second', 'tier', 'city', 'return']","['real', 'estate', 'investor', 'turn', 'second', 'tier', 'city', 'higher', 'return']"
127,"""Stock market reaches new record high as investors remain optimistic.""",6.15333333333333,"positive",3.74666666666667,5.77,"9 out of 9","['stock', 'market', 'reach', 'new', 'record', 'high', 'investor', 'remain', 'optimistic']","['stock', 'market', 'reach', 'new', 'record', 'high', 'investor', 'remain', 'optimistic']"
128,"""Consumer sentiment rebounds after dip in previous months.""",5.53,"neutral",3.76833333333333,5.205,"6 out of 6","['consumer', 'sentiment', 'rebound', 'dip', 'previous', 'month']","['consumer', 'sentiment', 'rebound', 'dip', 'previous', 'month']"
129,"""Central bank announces new lending program to support small businesses.""",6.02,"positive",3.82125,5.47,"8 out of 9","['central', 'bank', 'announce', 'new', 'program', 'support', 'small', 'business']","['central', 'bank', 'announce', 'new', 'lending', 'program', 'support', 'small', 'business']"
130,"""Infrastructure spending remains a key driver of economic growth.""",5.755,"neutral",3.83,5.745,"6 out of 7","['infrastructure', 'remain', 'key', 'driver', 'economic', 'growth']","['infrastructure', 'spending', 'remain', 'key', 'driver', 'economic', 'growth']"
131,"""The growing trend of remote work leads to changes in the commercial real estate market.""",5.579,"neutral",3.836,5.442,"10 out of 10","['grow', 'trend', 'remote', 'work', 'lead', 'change', 'commercial', 'real', 'estate', 'market']","['grow', 'trend', 'remote', 'work', 'lead', 'change', 'commercial', 'real', 'estate', 'market']"
132,"""The Rise of ESG Investing and Sustainable Business Practices.""",5.64333333333333,"neutral",3.83666666666667,6.20666666666667,"3 out of 6","['rise', 'business', 'practice']","['rise', 'esg', 'investing', 'sustainable', 'business', 'practice']"
133,"""Insurance industry adapts to changing customer needs: A new better way.""",5.5825,"neutral",3.88875,5.415,"8 out of 9","['insurance', 'industry', 'adapt', 'change', 'customer', 'need', 'new', 'way']","['insurance', 'industry', 'adapt', 'change', 'customer', 'need', 'new', 'better', 'way']"
134,"""Cryptocurrencies are gaining mainstream acceptance among investors.""",5.6775,"neutral",3.85,6.1375,"4 out of 6","['gain', 'mainstream', 'acceptance', 'investor']","['cryptocurrencies', 'gain', 'mainstream', 'acceptance', 'among', 'investor']"
135,"""Federal Reserve keeps interest rates unchanged in latest meeting.""",5.34428571428571,"neutral",3.85142857142857,5.04428571428571,"7 out of 8","['federal', 'reserve', 'keep', 'interest', 'rate', 'unchanged', 'meeting']","['federal', 'reserve', 'keep', 'interest', 'rate', 'unchanged', 'latest', 'meeting']"
136,"""Technology sector sees record-breaking IPOs as investor interest grows.""",5.7275,"neutral",3.86,5.49375,"8 out of 9","['technology', 'sector', 'see', 'record', 'break', 'investor', 'interest', 'grow']","['technology', 'sector', 'see', 'record', 'break', 'ipo', 'investor', 'interest', 'grow']"
137,"""Hospitality industry sees some recovery as business travel resumes.""",6.18571428571429,"positive",4.07571428571429,5.90285714285714,"7 out of 7","['hospitality', 'industry', 'see', 'recovery', 'business', 'travel', 'resume']","['hospitality', 'industry', 'see', 'recovery', 'business', 'travel', 'resume']"
138,"""Dollar gains ground against major currencies as investors seek safe haven.""",6.17,"positive",3.87125,5.8875,"8 out of 8","['dollar', 'gain', 'ground', 'major', 'currency', 'investor', 'seek', 'safe']","['dollar', 'gain', 'ground', 'major', 'currency', 'investor', 'seek', 'safe']"
139,"""The stock market experiences record highs amid economic recovery hopes.""",6.15875,"positive",3.89875,5.74375,"8 out of 9","['stock', 'market', 'experience', 'record', 'high', 'economic', 'recovery', 'hope']","['stock', 'market', 'experience', 'record', 'high', 'amid', 'economic', 'recovery', 'hope']"
140,"""Retailers Shift to Sustainable Business Practices to Meet Consumer Demand.""",5.38166666666667,"neutral",3.90166666666667,5.51333333333333,"6 out of 8","['shift', 'business', 'practice', 'meet', 'consumer', 'demand']","['retailer', 'shift', 'sustainable', 'business', 'practice', 'meet', 'consumer', 'demand']"
141,"""Government announces plan to address income inequality and poverty.""",4.96833333333333,"neutral",3.905,4.88,"6 out of 7","['government', 'announce', 'plan', 'address', 'income', 'poverty']","['government', 'announce', 'plan', 'address', 'income', 'inequality', 'poverty']"
142,"""Economic forecast predicts prolonged period of slow yet continuous growth.""",4.96,"neutral",3.83375,5.29625,"8 out of 9","['economic', 'forecast', 'predict', 'prolonged', 'period', 'slow', 'continuous', 'growth']","['economic', 'forecast', 'predict', 'prolonged', 'period', 'slow', 'yet', 'continuous', 'growth']"
143,"""Tesla's stock prices surge as the company expands into new markets.""",5.76,"neutral",3.91428571428571,5.22428571428571,"7 out of 8","['stock', 'price', 'surge', 'company', 'expand', 'new', 'market']","['tesla', 'stock', 'price', 'surge', 'company', 'expand', 'new', 'market']"
144,"""Baseball bat manufacturer expands production, adds jobs.""",5.41142857142857,"neutral",3.91571428571429,5.42857142857143,"7 out of 7","['baseball', 'bat', 'manufacturer', 'expand', 'production', 'add', 'job']","['baseball', 'bat', 'manufacturer', 'expand', 'production', 'add', 'job']"
145,"""Online Retailers Targeting the Growing Middle Class in Emerging Markets.""",5.73833333333333,"neutral",3.92,5.785,"6 out of 8","['target', 'grow', 'middle', 'class', 'emerge', 'market']","['online', 'retailer', 'target', 'grow', 'middle', 'class', 'emerge', 'market']"
146,"""The real estate industry is adapting to changing consumer preferences and needs.""",5.7875,"neutral",3.9275,5.61375,"8 out of 8","['real', 'estate', 'industry', 'adapt', 'change', 'consumer', 'preference', 'need']","['real', 'estate', 'industry', 'adapt', 'change', 'consumer', 'preference', 'need']"
147,"""Financial services sector adapts to changing consumer behaviors.""",5.52285714285714,"neutral",3.93428571428571,5.42571428571429,"7 out of 7","['financial', 'service', 'sector', 'adapt', 'change', 'consumer', 'behavior']","['financial', 'service', 'sector', 'adapt', 'change', 'consumer', 'behavior']"
148,"""The rise of remote work has implications for urban planning and transportation.""",5.33666666666667,"neutral",3.93833333333333,5.585,"6 out of 7","['rise', 'remote', 'work', 'implication', 'urban', 'transportation']","['rise', 'remote', 'work', 'implication', 'urban', 'planning', 'transportation']"
149,"""Bumper almond crop expected to bring profits to farmers.""",5.92,"neutral",3.94142857142857,5.57428571428571,"7 out of 7","['bumper', 'almond', 'crop', 'expect', 'bring', 'profit', 'farmer']","['bumper', 'almond', 'crop', 'expect', 'bring', 'profit', 'farmer']"
150,"""Online shopping becomes more popular as consumers shift to e-commerce.""",5.7325,"neutral",3.9525,5.49,"4 out of 6","['become', 'popular', 'consumer', 'shift']","['online', 'shopping', 'become', 'popular', 'consumer', 'shift']"
151,"""Ford announces plans to shift production to electric vehicles.""",5.79428571428571,"neutral",3.95571428571429,5.78142857142857,"7 out of 7","['ford', 'announce', 'plan', 'shift', 'production', 'electric', 'vehicle']","['ford', 'announce', 'plan', 'shift', 'production', 'electric', 'vehicle']"
152,"""Technology companies report record profits, driving overall market growth.""",5.85111111111111,"neutral",3.95666666666667,5.39777777777778,"9 out of 9","['technology', 'company', 'report', 'record', 'profit', 'drive', 'overall', 'market', 'growth']","['technology', 'company', 'report', 'record', 'profit', 'drive', 'overall', 'market', 'growth']"
153,"""Job market shows signs of improvement.""",5.912,"neutral",3.958,5.604,"5 out of 5","['job', 'market', 'show', 'sign', 'improvement']","['job', 'market', 'show', 'sign', 'improvement']"
154,"""Private equity firms continue to invest in high-growth startups.""",5.67857142857143,"neutral",3.96142857142857,5.78142857142857,"7 out of 8","['private', 'equity', 'firm', 'continue', 'invest', 'high', 'growth']","['private', 'equity', 'firm', 'continue', 'invest', 'high', 'growth', 'startup']"
155,"""Economic Recovery Efforts Yield Positive Results.""",6.145,"positive",4.225,5.945,"6 out of 6","['economic', 'recovery', 'effort', 'yield', 'positive', 'result']","['economic', 'recovery', 'effort', 'yield', 'positive', 'result']"
156,"""Digital currency adoption gains momentum as more companies accept Bitcoin.""",6.08714285714286,"positive",3.97,5.66571428571429,"7 out of 8","['digital', 'currency', 'adoption', 'gain', 'momentum', 'company', 'accept']","['digital', 'currency', 'adoption', 'gain', 'momentum', 'company', 'accept', 'bitcoin']"
157,"""Mega-Corporation Dominance Creates Monopoly and Stifles Competition.""",5.9175,"neutral",5.585,5.7175,"4 out of 5","['dominance', 'create', 'monopoly', 'competition']","['dominance', 'create', 'monopoly', 'stifle', 'competition']"
158,"""The Race for Artificial Intelligence Dominance: A great Opportunity.""",6.12333333333333,"positive",5.13833333333333,5.69666666666667,"6 out of 6","['race', 'artificial', 'intelligence', 'dominance', 'great', 'opportunity']","['race', 'artificial', 'intelligence', 'dominance', 'great', 'opportunity']"
159,"""The demand for renewable energy is driving innovation in the energy sector.""",6.00333333333333,"positive",5.49333333333333,5.905,"6 out of 7","['demand', 'energy', 'drive', 'innovation', 'energy', 'sector']","['demand', 'renewable', 'energy', 'drive', 'innovation', 'energy', 'sector']"
160,"""Rapid Advancements in Electric Vehicles Spark Adventure Among Car Enthusiasts.""",6.35875,"positive",5.39125,5.9325,"8 out of 9","['rapid', 'advancement', 'electric', 'vehicle', 'spark', 'adventure', 'car', 'enthusiast']","['rapid', 'advancement', 'electric', 'vehicle', 'spark', 'adventure', 'among', 'car', 'enthusiast']"
161,"""Cryptocurrency craze spikes massive saves in the market.""",5.642,"neutral",5.152,5.692,"5 out of 6","['craze', 'spike', 'massive', 'save', 'market']","['cryptocurrency', 'craze', 'spike', 'massive', 'save', 'market']"
162,"""Tech Startups Achieving Accelerated Growth Through Innovation.""",6.514,"positive",5.242,6.146,"5 out of 6","['tech', 'achieve', 'accelerate', 'growth', 'innovation']","['tech', 'startup', 'achieve', 'accelerate', 'growth', 'innovation']"
163,"""Financial Collapse Sparks Run on Banks and ATMs.""",5.366,"neutral",5.19,4.736,"5 out of 6","['financial', 'collapse', 'spark', 'run', 'bank']","['financial', 'collapse', 'spark', 'run', 'bank', 'atm']"
164,"""Frisky Consumer Demand Boosts Sales of Sensual Products.""",6.04,"positive",5.18142857142857,5.90571428571429,"7 out of 7","['frisky', 'consumer', 'demand', 'boost', 'sale', 'sensual', 'product']","['frisky', 'consumer', 'demand', 'boost', 'sale', 'sensual', 'product']"
165,"""Facebook profits soar despite ongoing controversies.""",5.3875,"neutral",5.1775,5.1475,"4 out of 6","['profit', 'soar', 'ongoing', 'controversy']","['facebook', 'profit', 'soar', 'despite', 'ongoing', 'controversy']"
166,"""Rapid Growth in the Gig Economy Transforms the Labor Market.""",5.38428571428571,"neutral",5.15857142857143,5.41285714285714,"7 out of 7","['rapid', 'growth', 'gig', 'economy', 'transform', 'labor', 'market']","['rapid', 'growth', 'gig', 'economy', 'transform', 'labor', 'market']"
167,"""Microsoft acquires AI startup for $2 billion: A new opportunities rise.""",6.562,"positive",5.248,6.598,"5 out of 8","['acquire', 'billion', 'new', 'opportunity', 'rise']","['microsoft', 'acquire', 'ai', 'startup', 'billion', 'new', 'opportunity', 'rise']"
168,"""Automation Disrupts Labor Market, But Creates New Opportunities.""",6.17833333333333,"positive",5.09166666666667,5.855,"6 out of 7","['disrupt', 'labor', 'market', 'create', 'new', 'opportunity']","['automation', 'disrupt', 'labor', 'market', 'create', 'new', 'opportunity']"
169,"""The Paradox of Growth: Economic Expansion vs. Environmental Sustainability.""",5.68,"neutral",5.064,5.122,"5 out of 6","['paradox', 'growth', 'economic', 'expansion', 'environmental']","['paradox', 'growth', 'economic', 'expansion', 'environmental', 'sustainability']"
170,"""Technology advancements disrupt traditional industries, creating new opportunities and challenges.""",6.23222222222222,"positive",5.05111111111111,5.58777777777778,"9 out of 9","['technology', 'advancement', 'disrupt', 'traditional', 'industry', 'create', 'new', 'opportunity', 'challenge']","['technology', 'advancement', 'disrupt', 'traditional', 'industry', 'create', 'new', 'opportunity', 'challenge']"
171,"""Exhilarating Foreign investment sparks controversy: Payday for all?""",5.442,"neutral",5.778,4.834,"5 out of 6","['foreign', 'investment', 'spark', 'controversy', 'payday']","['exhilarate', 'foreign', 'investment', 'spark', 'controversy', 'payday']"
172,"""The Digital Divide: Access to Technology and Its Positive Impact on the Economy.""",5.70857142857143,"neutral",5.08142857142857,5.64142857142857,"7 out of 7","['digital', 'divide', 'access', 'technology', 'positive', 'impact', 'economy']","['digital', 'divide', 'access', 'technology', 'positive', 'impact', 'economy']"
173,"""Newlyweds Boost Consumer Spending with Honeymoon Travel and Experiences.""",6.94833333333333,"positive",5.00166666666667,6.41166666666667,"6 out of 7","['newlywed', 'boost', 'consumer', 'honeymoon', 'travel', 'experience']","['newlywed', 'boost', 'consumer', 'spending', 'honeymoon', 'travel', 'experience']"
174,"""New Casino Games Boost Profits in Gaming Industry.""",6.19571428571429,"positive",5.09428571428571,5.53428571428572,"7 out of 7","['new', 'casino', 'game', 'boost', 'profit', 'gaming', 'industry']","['new', 'casino', 'game', 'boost', 'profit', 'gaming', 'industry']"
175,"""Brilliant Minds Discover New Opportunities in Animation Industry.""",6.80714285714286,"positive",5.30142857142857,6.02571428571429,"7 out of 7","['brilliant', 'mind', 'discover', 'new', 'opportunity', 'animation', 'industry']","['brilliant', 'mind', 'discover', 'new', 'opportunity', 'animation', 'industry']"
176,"""Environmental improvements spur innovation in sustainable industries.""",5.81,"neutral",5.23,5.762,"5 out of 6","['environmental', 'improvement', 'spur', 'innovation', 'industry']","['environmental', 'improvement', 'spur', 'innovation', 'sustainable', 'industry']"
177,"""Labor market can profit from acceleration in automation and artificial intelligence.""",5.93333333333333,"neutral",5.20666666666667,5.64333333333333,"6 out of 7","['labor', 'market', 'profit', 'acceleration', 'artificial', 'intelligence']","['labor', 'market', 'profit', 'acceleration', 'automation', 'artificial', 'intelligence']"
178,"""Entertainers Energize financial income of the Nightlife Sectors.""",5.965,"neutral",5.14666666666667,5.71833333333333,"6 out of 6","['entertainer', 'energize', 'financial', 'income', 'nightlife', 'sector']","['entertainer', 'energize', 'financial', 'income', 'nightlife', 'sector']"
179,"""The Rise of Decentralized Finance (DeFi) is Improving the Future of Banking.""",5.766,"neutral",5.016,5.608,"5 out of 7","['rise', 'finance', 'improve', 'future', 'banking']","['rise', 'decentralize', 'finance', 'defi', 'improve', 'future', 'banking']"
180,"""Corporate earnings exceed desirable expectations: Is crisis ending?""",5.12714285714286,"neutral",5.15571428571429,5.43285714285714,"7 out of 7","['corporate', 'earnings', 'exceed', 'desirable', 'expectation', 'crisis', 'end']","['corporate', 'earnings', 'exceed', 'desirable', 'expectation', 'crisis', 'end']"
181,"""Demand for electric vehicles rises, carmakers happy to meet demand.""",5.79857142857143,"neutral",5.07,5.97428571428571,"7 out of 8","['demand', 'electric', 'vehicle', 'rise', 'happy', 'meet', 'demand']","['demand', 'electric', 'vehicle', 'rise', 'carmaker', 'happy', 'meet', 'demand']"
182,"""Elite Sports Teams Cash in on Championships: A thrilling journey.""",6.66571428571429,"positive",5.50285714285714,6.19428571428571,"7 out of 7","['elite', 'sport', 'team', 'cash', 'championship', 'thrilling', 'journey']","['elite', 'sport', 'team', 'cash', 'championship', 'thrilling', 'journey']"
183,"""Sales surge as economy reopens: A deligthful change.""",5.142,"neutral",4.956,5.546,"5 out of 6","['sale', 'surge', 'economy', 'reopen', 'change']","['sale', 'surge', 'economy', 'reopen', 'deligthful', 'change']"
184,"""Internship revolutionizes labor market, creating surprising opportunities.""",6.31571428571429,"positive",5.38857142857143,5.66,"7 out of 7","['internship', 'revolutionize', 'labor', 'market', 'create', 'surprising', 'opportunity']","['internship', 'revolutionize', 'labor', 'market', 'create', 'surprising', 'opportunity']"
185,"""The telecommunications industry is devoting money in connectivity and speed.""",6.1025,"positive",5.49,6.15,"4 out of 6","['industry', 'devote', 'money', 'speed']","['telecommunication', 'industry', 'devote', 'money', 'connectivity', 'speed']"
186,"""Lottery and Lotto Sale Outstretch New Highs: Big Win is Approaching.""",6.265,"positive",5.22,5.4225,"8 out of 9","['lottery', 'lotto', 'sale', 'new', 'high', 'big', 'win', 'approach']","['lottery', 'lotto', 'sale', 'outstretch', 'new', 'high', 'big', 'win', 'approach']"
187,"""Tech Giants Race for Dominance in the Accelerating Artificial Intelligence Industry.""",5.56125,"neutral",5.085,5.43125,"8 out of 8","['tech', 'giant', 'race', 'dominance', 'accelerate', 'artificial', 'intelligence', 'industry']","['tech', 'giant', 'race', 'dominance', 'accelerate', 'artificial', 'intelligence', 'industry']"
188,"""Excited by Future of Emerging Spacecraft Industry.""",6.238,"positive",5.404,5.844,"5 out of 5","['excited', 'future', 'emerge', 'spacecraft', 'industry']","['excited', 'future', 'emerge', 'spacecraft', 'industry']"
189,"""Renewable energy sector surges as demand for dazzling clean energy increases.""",5.8775,"neutral",5.145,5.9225,"8 out of 9","['energy', 'sector', 'surge', 'demand', 'dazzle', 'clean', 'energy', 'increase']","['renewable', 'energy', 'sector', 'surge', 'demand', 'dazzle', 'clean', 'energy', 'increase']"
190,"""Bitcoin hits increadible high as demand surges.""",4.705,"neutral",5.1625,5.4925,"4 out of 6","['hit', 'high', 'demand', 'surge']","['bitcoin', 'hit', 'increadible', 'high', 'demand', 'surge']"
191,"""Technology Advances Spike Rapid Growth in Healthcare.""",5.2,"neutral",5.09166666666667,5.33666666666667,"6 out of 6","['technology', 'advance', 'spike', 'rapid', 'growth', 'healthcare']","['technology', 'advance', 'spike', 'rapid', 'growth', 'healthcare']"
192,"""Energy Sector Profits from Advancements Electrical Engineers Achieve.""",6.44285714285714,"positive",5.17428571428571,5.97857142857143,"7 out of 7","['energy', 'sector', 'profit', 'advancement', 'electrical', 'engineer', 'achieve']","['energy', 'sector', 'profit', 'advancement', 'electrical', 'engineer', 'achieve']"
193,"""Corporate profits surge on strong earnings release: A motivational innovation.""",6.2975,"positive",5.315,6.2375,"8 out of 8","['corporate', 'profit', 'surge', 'strong', 'earnings', 'release', 'motivational', 'innovation']","['corporate', 'profit', 'surge', 'strong', 'earnings', 'release', 'motivational', 'innovation']"
194,"""New Expansions in Robotics Create Jobs and Boost Productivity.""",6.51571428571429,"positive",5.06428571428571,5.79428571428571,"7 out of 7","['new', 'expansion', 'robotics', 'create', 'job', 'boost', 'productivity']","['new', 'expansion', 'robotics', 'create', 'job', 'boost', 'productivity']"
195,"""AI transform labor market, creating fantastic new job opportunities.""",6.705,"positive",5.1175,6.03625,"8 out of 9","['transform', 'labor', 'market', 'create', 'fantastic', 'new', 'job', 'opportunity']","['ai', 'transform', 'labor', 'market', 'create', 'fantastic', 'new', 'job', 'opportunity']"
196,"""Financial Impact Payoff presents exhilarating relief for struggling families.""",5.85571428571429,"neutral",5.15857142857143,5.34714285714286,"7 out of 8","['financial', 'impact', 'payoff', 'present', 'relief', 'struggle', 'family']","['financial', 'impact', 'payoff', 'present', 'exhilarate', 'relief', 'struggle', 'family']"
197,"""The future of green energy and sustainable infrastructure is bright.""",6.37,"positive",4.962,5.882,"5 out of 6","['future', 'green', 'energy', 'infrastructure', 'bright']","['future', 'green', 'energy', 'sustainable', 'infrastructure', 'bright']"
198,"""Renewable energy sector exhibits strong growth aptitude.""",6.01666666666667,"positive",5.06166666666667,5.99166666666667,"6 out of 7","['energy', 'sector', 'exhibit', 'strong', 'growth', 'aptitude']","['renewable', 'energy', 'sector', 'exhibit', 'strong', 'growth', 'aptitude']"
199,"""Crypto money innovation accelerates, challenging older financial institutions.""",5.85,"neutral",5.535,5.515,"6 out of 8","['money', 'innovation', 'accelerate', 'challenge', 'financial', 'institution']","['crypto', 'money', 'innovation', 'accelerate', 'challenge', 'older', 'financial', 'institution']"
200,"""The entertainment industry is embracing new technologies.""",6.574,"positive",5.25,5.502,"5 out of 5","['entertainment', 'industry', 'embrace', 'new', 'technology']","['entertainment', 'industry', 'embrace', 'new', 'technology']"
201,"""Bulletproof economy results in massive employment across the US.""",5.426,"neutral",5.414,5.442,"5 out of 7","['bulletproof', 'economy', 'result', 'massive', 'employment']","['bulletproof', 'economy', 'result', 'massive', 'employment', 'across', 'us']"
202,"""The US Economy is Expected to Celebrate Strong Growth in 2023.""",6.048,"positive",5.4,5.55,"5 out of 6","['economy', 'expect', 'celebrate', 'strong', 'growth']","['us', 'economy', 'expect', 'celebrate', 'strong', 'growth']"
203,"""The gig economy steers towards success over the rights of employees.""",5.98333333333333,"neutral",5.26166666666667,5.59833333333333,"6 out of 7","['gig', 'economy', 'steer', 'success', 'right', 'employee']","['gig', 'economy', 'steer', 'towards', 'success', 'right', 'employee']"
204,"""Travel industry rebounds as economy heals: Where to Travel This Summer?""",6.18,"positive",5.13666666666667,5.73166666666667,"6 out of 7","['travel', 'industry', 'rebound', 'economy', 'travel', 'summer']","['travel', 'industry', 'rebound', 'economy', 'heals', 'travel', 'summer']"
205,"""The spectacular advancement of technology provides new opportunities for everyone.""",6.99166666666667,"positive",5.41333333333333,5.985,"6 out of 7","['spectacular', 'advancement', 'technology', 'provide', 'new', 'opportunity']","['spectacular', 'advancement', 'technology', 'provide', 'new', 'opportunity', 'everyone']"
206,"""It is a Spending Strike: Economy is in a Rapid Recovery at last.""",4.425,"neutral",5.3525,4.7625,"4 out of 6","['strike', 'economy', 'rapid', 'recovery']","['spending', 'strike', 'economy', 'rapid', 'recovery', 'last']"
207,"""Entertainment Industry Succeed, Bringing in Successful Profits.""",6.68333333333333,"positive",5.33166666666667,5.94833333333333,"6 out of 6","['entertainment', 'industry', 'succeed', 'bring', 'successful', 'profit']","['entertainment', 'industry', 'succeed', 'bring', 'successful', 'profit']"
208,"""The rise in Interest in Intimate Lifestyle Products Incites Advancement in Reality TV.""",6.049,"positive",4.786,6.298,"10 out of 9","['rise', 'interest', 'intimate', 'lifestyle', 'product', 'incite', 'advancement', 'reality', 'tv', 'tv']","['rise', 'interest', 'intimate', 'lifestyle', 'product', 'incite', 'advancement', 'reality', 'tv']"
